{
    "loss": 2.8066012859344482,
    "accuracy": 0.9568345546722412
}